{"loss": [NaN, NaN, NaN, NaN, NaN, NaN, NaN, NaN, NaN], "mae": [NaN, NaN, NaN, NaN, NaN, NaN, NaN, NaN, NaN], "mean_q": [NaN, NaN, NaN, NaN, NaN, NaN, NaN, NaN, NaN], "mean_eps": [NaN, NaN, NaN, NaN, NaN, NaN, NaN, NaN, NaN], "episode_reward": [6.0, 7.0, 10.0, 12.0, 6.0, 8.0, 10.0, 12.0, 15.0], "nb_episode_steps": [420, 711, 810, 890, 375, 532, 753, 811, 698], "nb_steps": [420, 1131, 1941, 2831, 3206, 3738, 4491, 5302, 6000], "episode": [0, 1, 2, 3, 4, 5, 6, 7, 8], "duration": [3.7453709569999774, 6.822094496999853, 7.600418241001535, 8.024905496000429, 3.284406733000651, 4.533925308000107, 7.218254483999772, 7.709498583999448, 6.316100535999794]}