{"loss": [NaN, NaN, NaN, NaN, NaN, NaN, NaN, NaN, NaN, NaN, NaN, NaN, NaN, NaN, NaN, NaN, NaN, NaN, NaN, NaN, NaN, NaN, NaN, NaN, NaN, NaN, NaN, NaN, NaN, NaN, NaN, NaN, NaN, NaN, NaN, NaN, NaN, NaN, NaN], "mae": [NaN, NaN, NaN, NaN, NaN, NaN, NaN, NaN, NaN, NaN, NaN, NaN, NaN, NaN, NaN, NaN, NaN, NaN, NaN, NaN, NaN, NaN, NaN, NaN, NaN, NaN, NaN, NaN, NaN, NaN, NaN, NaN, NaN, NaN, NaN, NaN, NaN, NaN, NaN], "mean_q": [NaN, NaN, NaN, NaN, NaN, NaN, NaN, NaN, NaN, NaN, NaN, NaN, NaN, NaN, NaN, NaN, NaN, NaN, NaN, NaN, NaN, NaN, NaN, NaN, NaN, NaN, NaN, NaN, NaN, NaN, NaN, NaN, NaN, NaN, NaN, NaN, NaN, NaN, NaN], "mean_eps": [NaN, NaN, NaN, NaN, NaN, NaN, NaN, NaN, NaN, NaN, NaN, NaN, NaN, NaN, NaN, NaN, NaN, NaN, NaN, NaN, NaN, NaN, NaN, NaN, NaN, NaN, NaN, NaN, NaN, NaN, NaN, NaN, NaN, NaN, NaN, NaN, NaN, NaN, NaN], "episode_reward": [19.0, 14.0, 7.0, 15.0, 7.0, 12.0, 6.0, 7.0, 22.0, 10.0, 3.0, 15.0, 12.0, 11.0, 6.0, 8.0, 6.0, 6.0, 2.0, 3.0, 6.0, 27.0, 10.0, 5.0, 5.0, 9.0, 18.0, 6.0, 10.0, 12.0, 7.0, 9.0, 11.0, 6.0, 17.0, 9.0, 7.0, 6.0, 9.0], "nb_episode_steps": [1193, 929, 638, 816, 760, 812, 612, 449, 955, 771, 393, 914, 802, 653, 603, 540, 621, 686, 605, 347, 772, 1413, 821, 388, 381, 701, 1128, 508, 677, 788, 593, 566, 924, 664, 844, 697, 722, 520, 596], "nb_steps": [1193, 929, 1831, 2647, 3407, 4219, 4831, 5280, 6235, 7006, 7399, 8313, 9115, 9768, 10371, 10911, 11532, 12218, 12823, 13170, 13942, 15355, 16176, 16564, 16945, 17646, 18774, 19282, 19959, 20747, 21340, 21906, 22830, 23494, 24338, 25035, 25757, 26277, 26873], "episode": [0, 0, 1, 2, 3, 4, 5, 6, 7, 8, 9, 10, 11, 12, 13, 14, 15, 16, 17, 18, 19, 20, 21, 22, 23, 24, 25, 26, 27, 28, 29, 30, 31, 32, 33, 34, 35, 36, 37], "duration": [8.578956500001368, 5.975064386000668, 4.567481645000953, 5.733737753000241, 4.959896391999791, 5.41662902400094, 4.286505907999526, 3.1239787350004917, 6.28603122000095, 5.252356966999287, 3.0876256020001165, 6.370606685000894, 5.499489166000785, 4.534290236999368, 4.406614505998732, 3.8752532759990572, 4.602981273999831, 5.346552979999615, 4.783415492000131, 2.5631694860003336, 5.9702902259996335, 10.3079858459987, 6.174777334999817, 2.9040654309992533, 2.9598342560002493, 5.5368796109996765, 8.770401194999067, 3.677129554000203, 4.852400342999317, 5.49921766999978, 4.246743698999126, 4.300907169999846, 6.480317633000595, 5.202613163999558, 6.085985047999202, 5.093026999998983, 5.120727827999872, 3.5695249420004984, 4.2031684030007455]}